01-1law.pdf	https://utahinnovationoffice.org/wp-content/uploads/2024/10/1LawAppandPacket.pdf	1Law
02-community-justice-advocates-of-utah.pdf	https://utahinnovationoffice.org/wp-content/uploads/2026/07/CJAU-Sandbox-Authorization-Packet_amended.pdf	Community Justice Advocates of Utah
03-elysium-legal-pearson-butler.pdf	https://utahinnovationoffice.org/wp-content/uploads/2024/11/Pearson_Elysium_Order-and-App.pdf	Elysium Legal | Pearson Butler*
04-rasa-public-benefit-corp.pdf	https://utahinnovationoffice.org/wp-content/uploads/2024/03/Rasa-Amended-Order-and-App_.pdf	Rasa Public Benefit Corp.
05-superlegal-lawgeex-legalogic.pdf	https://utahinnovationoffice.org/wp-content/uploads/2024/11/LawGeex-Order-and-App.pdf	Superlegal (LawGeex / Legalogic)
06-utah-state-university-transforming-communities-institute.pdf	https://utahinnovationoffice.org/wp-content/uploads/2026/09/USU-TCI-Sandbox-Authorization-Packet_amended_order.pdf	Utah State University Transforming Communities Institute
07-centro-hispano-expired.pdf	https://utahinnovationoffice.org/wp-content/uploads/2025/03/Order-for-Provisional-Authorization-Centro-Hispano-1.pdf	Centro Hispano (expired)
08-divorcio-amigable-expired.pdf	https://utahinnovationoffice.org/wp-content/uploads/2025/03/Divorcio-Amigable-Provisional-Auth.-Order-1.pdf	Divorcio Amigable (expired)
09-dsd-solutions.pdf	https://utahinnovationoffice.org/wp-content/uploads/2024/05/Termination-Order-DSD-Solutions-signed.pdf	DSD Solutions
10-lawpal.pdf	https://utahinnovationoffice.org/wp-content/uploads/2025/05/UT-Sandbox-Termination-Order-LawPal.pdf	LawPal
11-legal-assistance-j-expired.pdf	https://utahinnovationoffice.org/wp-content/uploads/2025/03/Order-for-Provisional-Authorization-Legal-Assistance-J-1.pdf	Legal Assistance J. (expired)
12-mercedes-argo-expired.pdf	https://utahinnovationoffice.org/wp-content/uploads/2025/03/Order-for-Provisional-Authorization-Mercedes-Argo-1.pdf	Mercedes-Argo (expired)
13-xira-connect-inc.pdf	https://utahinnovationoffice.org/wp-content/uploads/2025/05/UT-Sandbox-Termination-Order-Xira-Connect.pdf	Xira Connect Inc
14-i4j.pdf	https://utahinnovationoffice.org/wp-content/uploads/2025/07/Standing-Order-16-amended.pdf	i4J
15-bike-legal-utah.pdf	https://utahinnovationoffice.org/wp-content/uploads/2025/01/Order-Terminating-Authorization-and-Granting-Partial-5.4-Waiver-Bike-Legal.pdf	Bike Legal Utah
16-blue-ridge-law-group.pdf	https://utahinnovationoffice.org/wp-content/uploads/2025/01/Order-Terminating-Authorization-and-Granting-Partial-5.4-Waiver-Blue-Ridge.pdf	Blue Ridge Law Group
17-boundless-immigration.pdf	https://utahinnovationoffice.org/wp-content/uploads/2025/02/5.4-Boundless.pdf	Boundless Immigration
18-darrow-ai.pdf	https://utahinnovationoffice.org/wp-content/uploads/2025/02/5.4-Darrow-AI.pdf	Darrow AI
19-davis-sanchez.pdf	https://utahinnovationoffice.org/wp-content/uploads/2025/02/5.4-Davis_Sanchez.pdf	Davis & Sanchez
20-firmly.pdf	https://utahinnovationoffice.org/wp-content/uploads/2025/02/5.4-Firmly.pdf	Firmly
21-hayman-woodward-human-capital.pdf	https://utahinnovationoffice.org/wp-content/uploads/2025/02/5.4-HW-Human-Capital.pdf	Hayman-Woodward Human Capital
22-herbert-greenwald.pdf	https://utahinnovationoffice.org/wp-content/uploads/2025/02/5.4-Herbert_Greenwald.pdf	Herbert & Greenwald
23-immigration-office-solutions.pdf	https://utahinnovationoffice.org/wp-content/uploads/2025/02/5.4-Immigration-Office-Solutions.pdf	Immigration Office Solutions
24-law-on-call.pdf	https://utahinnovationoffice.org/wp-content/uploads/2025/05/UT-Sandbox-Termination-Order-and-5.4-Waiver-Law-on-Call.pdf	Law on Call
25-legalatoms.pdf	https://utahinnovationoffice.org/wp-content/uploads/2025/03/Termination-Order-with-5.4-Waiver-LegalAtoms.pdf	LegalAtoms
26-michelle-turpin-pc.pdf	https://utahinnovationoffice.org/wp-content/uploads/2025/11/Order-Terminating-Authorization-and-Granting-Partial-Rule-5.4-Waiver-Michelle-Turpin-PC.pdf	Michelle Turpin PC
27-myimmigration.pdf	https://utahinnovationoffice.org/wp-content/uploads/2025/02/5.4-MyImmigration.pdf	MyImmigration
28-nuttall-brown-coutts-dba-zaf-legal.pdf	https://utahinnovationoffice.org/wp-content/uploads/2025/03/Termination-Order-with-5.4-Waiver-ZAF-Legal.pdf	Nuttall, Brown & Coutts (dba ZAF Legal)
29-olson-partners.pdf	https://utahinnovationoffice.org/wp-content/uploads/2025/02/5.4-Olson_Partners.pdf	Olson & Partners
30-r-r-legal-services.pdf	https://utahinnovationoffice.org/wp-content/uploads/2025/02/5.4-R_R-Legal.pdf	R&R Legal Services
31-standout-legal.pdf	https://utahinnovationoffice.org/wp-content/uploads/2025/02/5.4-Standout-Legal.pdf	Standout Legal
32-trajan-estate.pdf	https://utahinnovationoffice.org/wp-content/uploads/2025/02/5.4-Trajan-Estate.pdf	Trajan Estate
33-trajector-legal.pdf	https://utahinnovationoffice.org/wp-content/uploads/2025/01/Order-Terminating-Authorization-and-Granting-Partial-5.4-Waiver-Trajector.pdf	Trajector Legal
34-aaa-fair-credit.pdf	https://utahinnovationoffice.org/wp-content/uploads/2024/05/Termination-Order-AAA-Fair-Credit-Foundation.pdf	AAA Fair Credit
35-angel-advocates-pllc.pdf	https://utahinnovationoffice.org/wp-content/uploads/2024/07/Termination-Order-Angel-Advocates-signed.pdf	Angel Advocates PLLC
36-ags-law.pdf	https://utahinnovationoffice.org/wp-content/uploads/2024/05/Termination-Order-AGS.pdf	AGS Law
37-believe-first-llc.pdf	https://utahinnovationoffice.org/wp-content/uploads/2024/05/Termination-Order-Believe-First.pdf	Believe First LLC
38-blue-bee-bankruptcy.pdf	https://utahinnovationoffice.org/wp-content/uploads/2024/05/Termination-Order-Blue-Bee_.pdf	Blue Bee Bankruptcy
39-d4u-immigration.pdf	https://utahinnovationoffice.org/wp-content/uploads/2024/05/Termination-Order-D4U.pdf	D4U Immigration
40-esquire-law.pdf	https://utahinnovationoffice.org/wp-content/uploads/2025/01/Termination-Order-Esquire-Law-Signed.pdf	Esquire Law
41-estate-guru.pdf	https://utahinnovationoffice.org/wp-content/uploads/2025/10/Sandbox-Termination-Order-Estate-Guru.pdf	Estate Guru
42-fair-credit.pdf	https://utahinnovationoffice.org/wp-content/uploads/2025/01/Termination-Order-Fair-Credit-Signed.pdf	Fair Credit
43-focl-law.pdf	https://utahinnovationoffice.org/wp-content/uploads/2024/05/FOCL-Termination-Order.pdf	FOCL Law
44-govassist-legal.pdf	https://utahinnovationoffice.org/wp-content/uploads/2024/05/Termination-Order-GovAssist-Legal.pdf	GovAssist Legal
45-hello-divorce.pdf	https://utahinnovationoffice.org/wp-content/uploads/2025/01/Termination-Order-Hello-Divorce-Signed.pdf	Hello Divorce
46-holy-cross-ministries.pdf	https://utahinnovationoffice.org/wp-content/uploads/2025/07/Sandbox-Termination-Order-Holy-Cross-Ministries.pdf	Holy Cross Ministries
47-jordanelle-blocks.pdf	https://utahinnovationoffice.org/wp-content/uploads/2025/01/Termination-Order-Jordanelle-Blocks-Signed.pdf	Jordanelle Blocks
48-lawhq.pdf	https://utahinnovationoffice.org/wp-content/uploads/2024/05/Termination-Order-LawHQ_.pdf	LawHQ
49-lindenberg-law-group.pdf	https://utahinnovationoffice.org/wp-content/uploads/2024/09/Termination-Order-Lindenberg-Law-Group-9.9.24.pdf	Lindenberg Law Group
50-melendez-legal.pdf	https://utahinnovationoffice.org/wp-content/uploads/2025/01/Termination-Order-Melendez-Signed.pdf	Melendez Legal
51-mina-legal-services.pdf	https://utahinnovationoffice.org/wp-content/uploads/2024/12/Termination-Order-Mina-Legal-Services-signed.pdf	Mina Legal Services
52-motion-law.pdf	https://utahinnovationoffice.org/wp-content/uploads/2025/03/Termination-Order-Motion-Law.pdf	Motion Law
53-mountain-west-legal-protective.pdf	https://utahinnovationoffice.org/wp-content/uploads/2024/05/Termination-Order-Mountain-West-Legal-Protective-signed.pdf	Mountain West Legal Protective
54-off-the-record.pdf	https://utahinnovationoffice.org/wp-content/uploads/2025/03/Termination-Order-Off-the-Record.pdf	Off the Record
55-pd-digital-design-logistics.pdf	https://utahinnovationoffice.org/wp-content/uploads/2025/01/Termination-Order-PD-Digital-Signed.pdf	PD Digital Design Logistics
56-premium-visa.pdf	https://utahinnovationoffice.org/wp-content/uploads/2024/07/Termination-Order-Premium-Visa-signed.pdf	Premium Visa
57-rocket-lawyer-rocket-legal-professional-services.pdf	https://utahinnovationoffice.org/wp-content/uploads/2024/12/Termination-Order-Rocket-Lawyer-signed.pdf	Rocket Lawyer/Rocket Legal Professional Services
58-rocky-mountain-justice.pdf	https://utahinnovationoffice.org/wp-content/uploads/2025/01/Termination-Order-Rocky-Mountain-Justice-Signed.pdf	Rocky Mountain Justice
59-savvi-technologies.pdf	https://utahinnovationoffice.org/wp-content/uploads/2025/01/Termination-Order-Savvi-Signed.pdf	Savvi Technologies
60-timpanogos-legal-center.pdf	https://utahinnovationoffice.org/wp-content/uploads/2025/07/Sandbox-Termination-Order-TLC.pdf	Timpanogos Legal Center
61-truinta.pdf	https://utahinnovationoffice.org/wp-content/uploads/2024/07/Termination-Order-Truinta-signed.pdf	Truinta
62-utah-legal-advocates.pdf	https://utahinnovationoffice.org/wp-content/uploads/2024/05/Termination-Order-Utah-Legal-Advocates_.pdf	Utah Legal Advocates
63-visa-finder-immigration.pdf	https://utahinnovationoffice.org/wp-content/uploads/2025/01/Termination-Order-Visa-Finder-Signed.pdf	Visa Finder Immigration
64-visaplace.pdf	https://utahinnovationoffice.org/wp-content/uploads/2025/01/Termination-Order-Visa-Place-Signed.pdf	VisaPlace
65-waltonparke.pdf	https://utahinnovationoffice.org/wp-content/uploads/2025/03/Termination-Order-WaltonParke.pdf	WaltonParke
66-waylit.pdf	https://utahinnovationoffice.org/wp-content/uploads/2024/07/Termination-Order-Waylit-signed.pdf	Waylit
