action_id,action_type,actor,archive_url,category,country,date,docket,entity,entity_slug,fetched_at,jurisdiction,lead_source,licence,notes,notice,outcome,regulator_ai_flag,regulator_descriptor,right_of_reply,secondary_url,source_url,state,summary,url,verification
reg-us-az-2026-09-07-arizona-abs-directory,ABS directory register,Arizona Judicial Branch,https://web.archive.org/web/20260907122909/https://www.azcourts.gov/cld/Alternative-Business-Structure/Directory,regulator-register,US,2026-09-07,,Arizona Alternative Business Structures Directory,arizona-abs-directory,2026-09-07T13:20:17.932-07:00,us-state,"[""AGENT-BRIEF.md"", ""Wayback Arizona ABS directory""]",quoted-short,Direct azcourts.gov fetch returned a Cloudflare challenge; Wayback directory text was read.,"Provided as is, without warranty. Not legal advice. SafeLegalAI (Cognesio LLP) records what courts, regulators, legislatures and vendors' own public pages state; the linked official documents are the record. Names and marks belong to their owners. Anyone named may reply: https://safelegalai.com/report. Full terms: https://safelegalai.com/disclaimer",Directory lists entities licensed by the Arizona Supreme Court; reviewed directory text did not verify an AI-described entity for separate inclusion.,False,,open,,https://www.azcourts.gov/cld/Alternative-Business-Structure/Directory,Arizona,"The Arizona Judicial Branch Alternative Business Structures Directory captured September 7, 2026 lists entities licensed by the Arizona Supreme Court to provide services. The directory text reviewed does not describe an entity as AI, chatbot or software-based, so the row records the register with regulator_ai_flag false rather than individual AI entries.",https://safelegalai.com/regulation/enforcement/reg-us-az-2026-09-07-arizona-abs-directory,fetched-and-read
reg-ca-bc-2026-09-07-lsbc-innovation-sandbox-register,innovation sandbox register page,Law Society of British Columbia,http://web.archive.org/web/20260420030542/https://www.lawsociety.bc.ca/about-us/priorities/innovation-sandbox/about-the-innovation-sandbox/,regulator-register,CA,2026-09-07,,Law Society Innovation Sandbox,lsbc-innovation-sandbox,2026-09-07T13:20:17.932-07:00,canada,"[""AGENT-BRIEF.md"", ""LSBC innovation sandbox page""]",quoted-short,"Approved-participants page was also checked; no participant entry using the exact term AI was found, but several no-action letters describe online or automated platforms.","Provided as is, without warranty. Not legal advice. SafeLegalAI (Cognesio LLP) records what courts, regulators, legislatures and vendors' own public pages state; the linked official documents are the record. Names and marks belong to their owners. Anyone named may reply: https://safelegalai.com/report. Full terms: https://safelegalai.com/disclaimer",Law Society page describes the innovation sandbox and links to approved participants and no-action letters.,True,"""use of AI and other technologies""",open,,https://www.lawsociety.bc.ca/about-us/priorities/innovation-sandbox/about-the-innovation-sandbox/,British Columbia,"The Law Society of British Columbia’s innovation-sandbox page describes a structured environment for piloting legal advice and assistance by lawyers, organizations and others. The page says proposals may involve people outside traditional legal-service providers or the use of AI and other technologies, with successful proposals receiving no-action letters.",https://safelegalai.com/regulation/enforcement/reg-ca-bc-2026-09-07-lsbc-innovation-sandbox-register,fetched-and-read
reg-us-ut-2026-09-06-utah-olsi-register,authorized entities register,Utah Office of Legal Services Innovation,http://web.archive.org/web/20260731220559/https://utahinnovationoffice.org/authorized-entities/,regulator-register,US,2026-09-06,,Utah legal regulatory sandbox authorized entities,utah-olsi-register,2026-09-07T13:20:17.932-07:00,us-state,"[""AGENT-BRIEF.md"", ""Utah WordPress API authorized-entities page""]",quoted-short,Fetched through the public WordPress REST API; source_url is the rendered register page.,"Provided as is, without warranty. Not legal advice. SafeLegalAI (Cognesio LLP) records what courts, regulators, legislatures and vendors' own public pages state; the linked official documents are the record. Names and marks belong to their owners. Anyone named may reply: https://safelegalai.com/report. Full terms: https://safelegalai.com/disclaimer","Register page lists sandbox authorizations, Supreme Court orders and partial Rule 5.4 waivers; page states sandbox sunset is August 14, 2027.",True,"""technology-based services such as AI""",open,,https://utahinnovationoffice.org/authorized-entities/,Utah,"The Utah Office of Legal Services Innovation’s authorized-entities page, modified September 6, 2026, lists sandbox entities, Supreme Court authorization orders and partial Rule 5.4 waivers. The page says provider types include technology-based services such as AI and notes the Utah legal regulatory sandbox sunset date is August 14, 2027.",https://safelegalai.com/regulation/enforcement/reg-us-ut-2026-09-06-utah-olsi-register,fetched-and-read
pol-uk-2026-08-17-sra-ai-warning-notice,AI warning notice,Solicitors Regulation Authority,http://web.archive.org/web/20260907123611/https://www.sra.org.uk/solicitors/guidance/misuse-ai/,policy-statement,GB,2026-08-17,,SRA-regulated firms and solicitors,sra-ai-warning-notice,2026-09-07T13:20:17.932-07:00,uk,"[""SRA Garfield page navigation"", ""SRA AI warning notice""]",quoted-short,Included as a later SRA AI statement; it is sector guidance rather than an authorisation of a named AI firm.,"Provided as is, without warranty. Not legal advice. SafeLegalAI (Cognesio LLP) records what courts, regulators, legislatures and vendors' own public pages state; the linked official documents are the record. Names and marks belong to their owners. Anyone named may reply: https://safelegalai.com/report. Full terms: https://safelegalai.com/disclaimer",Warning notice applies to regulated firms and solicitors; SRA says it will have regard to the notice when exercising regulatory functions.,True,"""use of Artificial Intelligence (AI) in the provision of legal services""",open,,https://www.sra.org.uk/solicitors/guidance/misuse-ai/,England and Wales,"The Solicitors Regulation Authority publishes a warning notice on misuse of AI on August 17, 2026. It applies to solicitors and firms using AI in legal services, explains risks from hallucinated authorities and confidentiality failures, and says the SRA will consider the notice when exercising regulatory functions.",https://safelegalai.com/regulation/enforcement/pol-uk-2026-08-17-sra-ai-warning-notice,fetched-and-read
pol-us-2026-07-07-ftc-ai-accuracy-policy,proposed policy statement,Federal Trade Commission,http://web.archive.org/web/20260831020131/https://www.federalregister.gov/documents/full_text/text/2026/07/07/2026-13628.txt,policy-statement,US,2026-07-07,File No. P264200,AI system providers,ai-accuracy-policy,2026-09-07T13:20:17.932-07:00,us-federal,"[""AGENT-BRIEF.md"", ""Federal Register API DoNotPay search""]",us-federal-pd,FR Doc. 2026-13628; 91 FR 41638.,"Provided as is, without warranty. Not legal advice. SafeLegalAI (Cognesio LLP) records what courts, regulators, legislatures and vendors' own public pages state; the linked official documents are the record. Names and marks belong to their owners. Anyone named may reply: https://safelegalai.com/report. Full terms: https://safelegalai.com/disclaimer","Proposed FTC policy statement on section 5 deception analysis for marketed AI systems; comments due July 31, 2026.",True,"""Policy Statement Concerning the Suppression of Accuracy in Artificial Intelligence Systems""",open,,https://www.federalregister.gov/documents/full_text/text/2026/07/07/2026-13628.txt,,"The Federal Trade Commission publishes a proposed policy statement on suppressing accuracy in AI systems on July 7, 2026. The statement explains section 5 deception principles for marketed AI systems and cites the DoNotPay consent order as an example involving accuracy or efficacy claims for a chatbot promoted as replacing a human lawyer.",https://safelegalai.com/regulation/enforcement/pol-us-2026-07-07-ftc-ai-accuracy-policy,fetched-and-read
dep-uk-2026-06-22-garfield-law-trial-win,first-party court-trial win account,Garfield AI,http://web.archive.org/web/20260817144145/https://www.garfield.law/press/garfield-ai-wins-first-court-trial-with-regulated-ai-lawyer,court-a2j-deployment,GB,2026-06-22,,Garfield AI,garfield-law,2026-09-07T13:20:17.932-07:00,uk,"[""AGENT-BRIEF.md"", ""Garfield first-party press page""]",quoted-short,No court document was located; included because the brief allowed a Garfield first-party page.,"Provided as is, without warranty. Not legal advice. SafeLegalAI (Cognesio LLP) records what courts, regulators, legislatures and vendors' own public pages state; the linked official documents are the record. Names and marks belong to their owners. Anyone named may reply: https://safelegalai.com/report. Full terms: https://safelegalai.com/disclaimer","Garfield states its AI-powered regulated firm supported a freelancer who won a small debt claim at Wandsworth County Court on May 14, 2026.",True,"""AI-powered law firm authorised and regulated by the Solicitors Regulation Authority""",open,,https://www.garfield.law/press/garfield-ai-wins-first-court-trial-with-regulated-ai-lawyer,England and Wales,"Garfield AI publishes a first-party account on June 22, 2026 stating that its regulated AI-powered law firm helped a freelancer win a small debt claim at Wandsworth County Court. The page says Garfield prepared pre-action correspondence, court proceedings, witness statements and trial bundles, while a barrister handled advocacy.",https://safelegalai.com/regulation/enforcement/dep-uk-2026-06-22-garfield-law-trial-win,fetched-and-read
dep-us-tx-2026-05-13-lone-star-legal-aid-navi,LSC-funded public legal-information chatbot,Legal Services Corporation,http://web.archive.org/web/20260615163824/https://www.lsc.gov/press-release/texas-legal-services-organization-built-three-ai-chatbots,court-a2j-deployment,US,2026-05-13,,Lone Star Legal Aid Navi chatbot,lone-star-legal-aid-navi,2026-09-07T13:20:17.932-07:00,us-state,"[""AGENT-BRIEF.md"", ""LSC official press release"", ""Lone Star Legal Aid project update""]",quoted-short,"LSLA's own September 4, 2025 update says the TIG-funded NAVI client-facing chatbot was still preparing for rollout; LSC's later page describes the project as built.","Provided as is, without warranty. Not legal advice. SafeLegalAI (Cognesio LLP) records what courts, regulators, legislatures and vendors' own public pages state; the linked official documents are the record. Names and marks belong to their owners. Anyone named may reply: https://safelegalai.com/report. Full terms: https://safelegalai.com/disclaimer","LSC highlights LSLA’s Technology Initiative Grant project; the external Navi chatbot is designed to identify legal problems, refer users and share self-help materials.",True,"""artificial intelligence (AI) chatbots""",open,https://www.lonestarlegal.org/news/2025/09/ai-chatbot-project-update-fall-2025/,https://www.lsc.gov/press-release/texas-legal-services-organization-built-three-ai-chatbots,Texas,"The Legal Services Corporation publishes a May 13, 2026 account of Lone Star Legal Aid’s Technology Initiative Grant project. LSC says LSLA built three artificial-intelligence chatbots, including Navi, an externally facing chatbot designed to help users identify legal problems, provide referrals and share plain-language self-help materials.",https://safelegalai.com/regulation/enforcement/dep-us-tx-2026-05-13-lone-star-legal-aid-navi,fetched-and-read
reg-ca-on-2026-03-06-willful,A2I participating provider listing,Law Society of Ontario,https://web.archive.org/web/20260306174336/https://lso.ca/about-lso/access-to-innovation/participating-providers,sandbox-authorisation,CA,2026-03-06,,Willful,willful,2026-09-07T13:20:17.932-07:00,canada,"[""AGENT-BRIEF.md"", ""Wayback LSO participating-providers page""]",quoted-short,Direct LSO fetch returned a Cloudflare challenge; date is the Wayback capture date because the page did not expose a provider-specific approval date.,"Provided as is, without warranty. Not legal advice. SafeLegalAI (Cognesio LLP) records what courts, regulators, legislatures and vendors' own public pages state; the linked official documents are the record. Names and marks belong to their owners. Anyone named may reply: https://safelegalai.com/report. Full terms: https://safelegalai.com/disclaimer",Listed as an A2I participating provider for online will and power-of-attorney document creation.,True,"""uses technological processes""",open,,https://lso.ca/about-lso/access-to-innovation/participating-providers,Ontario,"The Law Society of Ontario lists Willful on the Access to Innovation participating-providers page captured March 6, 2026. The entry describes an online estate-planning platform that uses technological processes to guide Ontario residents through questions and create completed will and power-of-attorney documents based on their information.",https://safelegalai.com/regulation/enforcement/reg-ca-on-2026-03-06-willful,fetched-and-read
reg-ca-on-2026-03-06-pr-coach,A2I participating provider listing,Law Society of Ontario,https://web.archive.org/web/20260306174336/https://lso.ca/about-lso/access-to-innovation/participating-providers,sandbox-authorisation,CA,2026-03-06,,PR Coach,pr-coach,2026-09-07T13:20:17.932-07:00,canada,"[""AGENT-BRIEF.md"", ""Wayback LSO participating-providers page""]",quoted-short,Direct LSO fetch returned a Cloudflare challenge; date is the Wayback capture date because the page did not expose a provider-specific approval date.,"Provided as is, without warranty. Not legal advice. SafeLegalAI (Cognesio LLP) records what courts, regulators, legislatures and vendors' own public pages state; the linked official documents are the record. Names and marks belong to their owners. Anyone named may reply: https://safelegalai.com/report. Full terms: https://safelegalai.com/disclaimer",Listed as an A2I participating provider for immigration pathway screening.,True,"""Pathfinder pre-screens applicants""",open,,https://lso.ca/about-lso/access-to-innovation/participating-providers,Ontario,"The Law Society of Ontario lists PR Coach on the Access to Innovation participating-providers page captured March 6, 2026. The entry describes Pathfinder, a tool that pre-screens applicants across Canadian permanent-residency pathways, analyzes eligibility and competitiveness factors, and benchmarks applicants against recent immigration draws.",https://safelegalai.com/regulation/enforcement/reg-ca-on-2026-03-06-pr-coach,fetched-and-read
reg-ca-on-2026-03-06-ownright,A2I participating provider listing,Law Society of Ontario,https://web.archive.org/web/20260306174336/https://lso.ca/about-lso/access-to-innovation/participating-providers,sandbox-authorisation,CA,2026-03-06,,Ownright,ownright,2026-09-07T13:20:17.932-07:00,canada,"[""AGENT-BRIEF.md"", ""Wayback LSO participating-providers page""]",quoted-short,Direct LSO fetch returned a Cloudflare challenge; date is the Wayback capture date because the page did not expose a provider-specific approval date.,"Provided as is, without warranty. Not legal advice. SafeLegalAI (Cognesio LLP) records what courts, regulators, legislatures and vendors' own public pages state; the linked official documents are the record. Names and marks belong to their owners. Anyone named may reply: https://safelegalai.com/report. Full terms: https://safelegalai.com/disclaimer",Listed as an A2I participating provider for digital real-estate closing services.,True,"""digital real estate closing service""",open,,https://lso.ca/about-lso/access-to-innovation/participating-providers,Ontario,"The Law Society of Ontario lists Ownright, formerly Doormat, on the Access to Innovation participating-providers page captured March 6, 2026. The entry describes a digital real-estate closing service in which users verify identification, upload closing documents, interact with an Ownright lawyer, track progress and digitally sign closing documents.",https://safelegalai.com/regulation/enforcement/reg-ca-on-2026-03-06-ownright,fetched-and-read
reg-ca-on-2026-03-06-lso-a2i-register,A2I provider register,Law Society of Ontario,https://web.archive.org/web/20260306174336/https://lso.ca/about-lso/access-to-innovation/participating-providers,regulator-register,CA,2026-03-06,,Access to Innovation participating providers,lso-a2i-register,2026-09-07T13:20:17.932-07:00,canada,"[""AGENT-BRIEF.md"", ""Wayback LSO participating-providers page""]",quoted-short,Direct LSO fetch returned a Cloudflare challenge; date is the Wayback capture date because the page did not expose provider-specific approval dates.,"Provided as is, without warranty. Not legal advice. SafeLegalAI (Cognesio LLP) records what courts, regulators, legislatures and vendors' own public pages state; the linked official documents are the record. Names and marks belong to their owners. Anyone named may reply: https://safelegalai.com/report. Full terms: https://safelegalai.com/disclaimer",Archived participating-providers page lists A2I providers evaluated and approved to provide technology-enabled legal services in Ontario.,True,"""legal services through technology""",open,,https://lso.ca/about-lso/access-to-innovation/participating-providers,Ontario,"The Law Society of Ontario participating-providers page captured March 6, 2026 lists providers approved for the Access to Innovation program. The page states A2I encourages safe and effective legal services through technology and includes AI and automated services in real estate, consumer rights, family, immigration, corporate and estate-planning areas.",https://safelegalai.com/regulation/enforcement/reg-ca-on-2026-03-06-lso-a2i-register,fetched-and-read
reg-ca-on-2026-03-06-legalwills,A2I participating provider listing,Law Society of Ontario,https://web.archive.org/web/20260306174336/https://lso.ca/about-lso/access-to-innovation/participating-providers,sandbox-authorisation,CA,2026-03-06,,LegalWills,legalwills,2026-09-07T13:20:17.932-07:00,canada,"[""AGENT-BRIEF.md"", ""Wayback LSO participating-providers page""]",quoted-short,Direct LSO fetch returned a Cloudflare challenge; date is the Wayback capture date because the page did not expose a provider-specific approval date.,"Provided as is, without warranty. Not legal advice. SafeLegalAI (Cognesio LLP) records what courts, regulators, legislatures and vendors' own public pages state; the linked official documents are the record. Names and marks belong to their owners. Anyone named may reply: https://safelegalai.com/report. Full terms: https://safelegalai.com/disclaimer",Listed as an A2I participating provider for online estate-planning document creation.,True,"""online platform offering tools and resources""",open,,https://lso.ca/about-lso/access-to-innovation/participating-providers,Ontario,"The Law Society of Ontario lists LegalWills on the Access to Innovation participating-providers page captured March 6, 2026. The entry describes an online platform that prompts Ontario users for situation-specific information and creates custom legal documents, including wills, powers of attorney and living wills, based on user input.",https://safelegalai.com/regulation/enforcement/reg-ca-on-2026-03-06-legalwills,fetched-and-read
reg-ca-on-2026-03-06-incorporight,A2I participating provider listing,Law Society of Ontario,https://web.archive.org/web/20260306174336/https://lso.ca/about-lso/access-to-innovation/participating-providers,sandbox-authorisation,CA,2026-03-06,,Incorporight,incorporight,2026-09-07T13:20:17.932-07:00,canada,"[""AGENT-BRIEF.md"", ""Wayback LSO participating-providers page""]",quoted-short,Direct LSO fetch returned a Cloudflare challenge; date is the Wayback capture date because the page did not expose a provider-specific approval date.,"Provided as is, without warranty. Not legal advice. SafeLegalAI (Cognesio LLP) records what courts, regulators, legislatures and vendors' own public pages state; the linked official documents are the record. Names and marks belong to their owners. Anyone named may reply: https://safelegalai.com/report. Full terms: https://safelegalai.com/disclaimer",Listed as an A2I participating provider for incorporation and corporate-maintenance services.,True,"""uses blockchain technology""",open,,https://lso.ca/about-lso/access-to-innovation/participating-providers,Ontario,"The Law Society of Ontario lists Incorporight on the Access to Innovation participating-providers page captured March 6, 2026. The entry describes an online incorporation and corporate-maintenance platform that lets users create corporations, make changes and complete filings, using blockchain technology to improve platform security.",https://safelegalai.com/regulation/enforcement/reg-ca-on-2026-03-06-incorporight,fetched-and-read
reg-ca-on-2026-03-06-estate-planner,A2I participating provider listing,Law Society of Ontario,https://web.archive.org/web/20260306174336/https://lso.ca/about-lso/access-to-innovation/participating-providers,sandbox-authorisation,CA,2026-03-06,,eState Planner,estate-planner,2026-09-07T13:20:17.932-07:00,canada,"[""AGENT-BRIEF.md"", ""Wayback LSO participating-providers page""]",quoted-short,Direct LSO fetch returned a Cloudflare challenge; date is the Wayback capture date because the page did not expose a provider-specific approval date.,"Provided as is, without warranty. Not legal advice. SafeLegalAI (Cognesio LLP) records what courts, regulators, legislatures and vendors' own public pages state; the linked official documents are the record. Names and marks belong to their owners. Anyone named may reply: https://safelegalai.com/report. Full terms: https://safelegalai.com/disclaimer",Listed as an A2I participating provider for estate-planning software used by lawyers and advisors.,True,"""lawyer-created software""",open,,https://lso.ca/about-lso/access-to-innovation/participating-providers,Ontario,"The Law Society of Ontario lists eState Planner on the Access to Innovation participating-providers page captured March 6, 2026. The entry describes lawyer-created software for lawyers and professional advisors that streamlines intake, reduces will-planning errors, supports collaboration and generates documents for lawyers serving estate-planning clients.",https://safelegalai.com/regulation/enforcement/reg-ca-on-2026-03-06-estate-planner,fetched-and-read
reg-ca-on-2026-03-06-clearestate,A2I participating provider listing,Law Society of Ontario,https://web.archive.org/web/20260306174336/https://lso.ca/about-lso/access-to-innovation/participating-providers,sandbox-authorisation,CA,2026-03-06,,ClearEstate,clearestate,2026-09-07T13:20:17.932-07:00,canada,"[""AGENT-BRIEF.md"", ""Wayback LSO participating-providers page""]",quoted-short,Direct LSO fetch returned a Cloudflare challenge; date is the Wayback capture date because the page did not expose a provider-specific approval date.,"Provided as is, without warranty. Not legal advice. SafeLegalAI (Cognesio LLP) records what courts, regulators, legislatures and vendors' own public pages state; the linked official documents are the record. Names and marks belong to their owners. Anyone named may reply: https://safelegalai.com/report. Full terms: https://safelegalai.com/disclaimer","Listed as an A2I participating provider for estate-planning, settlement and executor services.",True,"""web-based solution""",open,,https://lso.ca/about-lso/access-to-innovation/participating-providers,Ontario,"The Law Society of Ontario lists ClearEstate on the Access to Innovation participating-providers page captured March 6, 2026. The entry describes a web-based estate-planning, settlement and executor-services solution that generates testamentary documents, guides executors through settlement and facilitates professional estate administration services under A2I oversight.",https://safelegalai.com/regulation/enforcement/reg-ca-on-2026-03-06-clearestate,fetched-and-read
reg-ca-on-2026-03-06-airfairness,A2I participating provider listing,Law Society of Ontario,https://web.archive.org/web/20260306174336/https://lso.ca/about-lso/access-to-innovation/participating-providers,sandbox-authorisation,CA,2026-03-06,,Airfairness,airfairness,2026-09-07T13:20:17.932-07:00,canada,"[""AGENT-BRIEF.md"", ""Wayback LSO participating-providers page""]",quoted-short,Direct LSO fetch returned a Cloudflare challenge; date is the Wayback capture date because the page did not expose a provider-specific approval date.,"Provided as is, without warranty. Not legal advice. SafeLegalAI (Cognesio LLP) records what courts, regulators, legislatures and vendors' own public pages state; the linked official documents are the record. Names and marks belong to their owners. Anyone named may reply: https://safelegalai.com/report. Full terms: https://safelegalai.com/disclaimer",Listed as an A2I participating provider for AI-powered air-passenger compensation claims.,True,"""AI-powered platform""",open,,https://lso.ca/about-lso/access-to-innovation/participating-providers,Ontario,"The Law Society of Ontario lists Airfairness on the Access to Innovation participating-providers page captured March 6, 2026. The entry describes an AI-powered platform for air-passenger compensation that verifies eligibility, assembles evidence, files claims and tracks outcomes from intake to payout.",https://safelegalai.com/regulation/enforcement/reg-ca-on-2026-03-06-airfairness,fetched-and-read
upl-us-2025-09-09-upsolve-v-james,appellate remand opinion,U.S. Court of Appeals for the Second Circuit,,upl-litigation,US,2025-09-09,22-1345,"Upsolve, Inc.",upsolve,2026-09-07T13:20:17.932-07:00,us-state,"[""AGENT-BRIEF.md"", ""CourtListener anonymous opinion search""]",court-opinion-pd,"CourtListener provided a ca2.uscourts.gov download_url, but the court URL returned a removed-resource message when fetched; the storage copy was read.","Provided as is, without warranty. Not legal advice. SafeLegalAI (Cognesio LLP) records what courts, regulators, legislatures and vendors' own public pages state; the linked official documents are the record. Names and marks belong to their owners. Anyone named may reply: https://safelegalai.com/report. Full terms: https://safelegalai.com/disclaimer",Preliminary injunction vacated and case remanded for the district court to apply the correct level of First Amendment scrutiny.,False,,open,http://www.ca2.uscourts.gov/decisions/isysquery/18e586a6-8d72-4353-9612-e3aedbe31c65/3/doc/22-1345_opn.pdf,https://storage.courtlistener.com/pdf/2025/09/09/upsolve_inc._v._james.pdf,New York,"The Second Circuit vacates a preliminary injunction in Upsolve v. James on September 9, 2025 and remands. The plaintiffs seek to give free debt-collection advice without lawyer licensure. The court holds the district court applied the wrong scrutiny level to New York’s unauthorized-practice statutes as applied to the proposed program.",https://safelegalai.com/regulation/enforcement/upl-us-2025-09-09-upsolve-v-james,fetched-and-read
reg-ca-bc-2025-07-17-jointly-solutions,innovation sandbox no-action letter,Law Society of British Columbia,http://web.archive.org/web/20260511082837/https://www.lawsociety.bc.ca/getContentAsset/627be8b1-a1cd-4056-a457-13d5432c2d42/dfc3d011-8f63-43f6-9ed8-4b444333a1d0/Jointly_2025-07-17?language=en-CA,sandbox-authorisation,CA,2025-07-17,,Jointly Solutions Ltd.,jointly,2026-09-07T13:20:17.932-07:00,canada,"[""AGENT-BRIEF.md"", ""LSBC approved participants page""]",quoted-short,,"Provided as is, without warranty. Not legal advice. SafeLegalAI (Cognesio LLP) records what courts, regulators, legislatures and vendors' own public pages state; the linked official documents are the record. Names and marks belong to their owners. Anyone named may reply: https://safelegalai.com/report. Full terms: https://safelegalai.com/disclaimer",No-action letter allows Jointly to automate family-law agreement creation subject to conditions.,True,"""online platform called Jointly""",open,,https://www.lawsociety.bc.ca/getContentAsset/627be8b1-a1cd-4056-a457-13d5432c2d42/dfc3d011-8f63-43f6-9ed8-4b444333a1d0/Jointly_2025-07-17?language=en-CA,British Columbia,"The Law Society of British Columbia issues Jointly Solutions Ltd. a no-action letter dated July 17, 2025. The letter allows Jointly to offer family-law services through an online platform that automates creation of cohabitation, prenuptial, marriage and separation agreements for self-represented parties, subject to sandbox conditions.",https://safelegalai.com/regulation/enforcement/reg-ca-bc-2025-07-17-jointly-solutions,fetched-and-read
reg-ca-on-2025-06-25-skylaunch,A2I update report approval listing,Law Society of Ontario,https://web.archive.org/web/20260907213518/https://lawsocietyontario-dwd0dscmayfwh7bj.a01.azurefd.net/media/lso/media/about/convocation/2025/convocation-june-2025-futures-committee-report.pdf,sandbox-authorisation,CA,2025-06-25,,SkyLaunch,skylaunch,2026-09-07T13:20:17.932-07:00,canada,"[""AGENT-BRIEF.md"", ""LSO June 2025 A2I update report""]",quoted-short,The report says the providers were approved since the 2024 report; it does not state each precise approval day.,"Provided as is, without warranty. Not legal advice. SafeLegalAI (Cognesio LLP) records what courts, regulators, legislatures and vendors' own public pages state; the linked official documents are the record. Names and marks belong to their owners. Anyone named may reply: https://safelegalai.com/report. Full terms: https://safelegalai.com/disclaimer",Listed in the June 2025 A2I update as approved since the 2024 report.,True,"""self-guided online tool""",open,,https://lawsocietyontario-dwd0dscmayfwh7bj.a01.azurefd.net/media/lso/media/about/convocation/2025/convocation-june-2025-futures-committee-report.pdf,Ontario,"The Law Society of Ontario’s June 25, 2025 A2I update report lists SkyLaunch among participants approved since the 2024 report. The report describes a self-guided online tool and user-friendly portal for Ontario incorporations, created by SkyLaw legal professionals to serve solopreneurs and others needing a corporation.",https://safelegalai.com/regulation/enforcement/reg-ca-on-2025-06-25-skylaunch,fetched-and-read
reg-ca-on-2025-06-25-plaid-fertility-law,A2I update report approval listing,Law Society of Ontario,https://web.archive.org/web/20260907213518/https://lawsocietyontario-dwd0dscmayfwh7bj.a01.azurefd.net/media/lso/media/about/convocation/2025/convocation-june-2025-futures-committee-report.pdf,sandbox-authorisation,CA,2025-06-25,,Plaid Fertility Law,plaid-fertility-law,2026-09-07T13:20:17.932-07:00,canada,"[""AGENT-BRIEF.md"", ""LSO June 2025 A2I update report""]",quoted-short,The report says the providers were approved since the 2024 report; it does not state each precise approval day.,"Provided as is, without warranty. Not legal advice. SafeLegalAI (Cognesio LLP) records what courts, regulators, legislatures and vendors' own public pages state; the linked official documents are the record. Names and marks belong to their owners. Anyone named may reply: https://safelegalai.com/report. Full terms: https://safelegalai.com/disclaimer",Listed in the June 2025 A2I update as approved since the 2024 report.,True,"""web application""",open,,https://lawsocietyontario-dwd0dscmayfwh7bj.a01.azurefd.net/media/lso/media/about/convocation/2025/convocation-june-2025-futures-committee-report.pdf,Ontario,"The Law Society of Ontario’s June 25, 2025 A2I update report lists Plaid Fertility Law among participants approved since the 2024 report. The report describes a web application that lets users generate, share and collaborate on third-party reproduction agreements with guidance from experienced legal counsel.",https://safelegalai.com/regulation/enforcement/reg-ca-on-2025-06-25-plaid-fertility-law,fetched-and-read
reg-ca-on-2025-06-25-philer,A2I update report approval listing,Law Society of Ontario,https://web.archive.org/web/20260907213518/https://lawsocietyontario-dwd0dscmayfwh7bj.a01.azurefd.net/media/lso/media/about/convocation/2025/convocation-june-2025-futures-committee-report.pdf,sandbox-authorisation,CA,2025-06-25,,Philer,philer,2026-09-07T13:20:17.932-07:00,canada,"[""AGENT-BRIEF.md"", ""LSO June 2025 A2I update report""]",quoted-short,The report says the providers were approved since the 2024 report; it does not state each precise approval day.,"Provided as is, without warranty. Not legal advice. SafeLegalAI (Cognesio LLP) records what courts, regulators, legislatures and vendors' own public pages state; the linked official documents are the record. Names and marks belong to their owners. Anyone named may reply: https://safelegalai.com/report. Full terms: https://safelegalai.com/disclaimer",Listed in the June 2025 A2I update as approved since the 2024 report.,True,"""licensed real estate lawyers and AI""",open,,https://lawsocietyontario-dwd0dscmayfwh7bj.a01.azurefd.net/media/lso/media/about/convocation/2025/convocation-june-2025-futures-committee-report.pdf,Ontario,"The Law Society of Ontario’s June 25, 2025 A2I update report lists Philer among participants approved since the 2024 report. The report describes real-estate closing services that automate processes from onboarding to legal completion and use licensed real-estate lawyers and AI to support buyers, sellers and professionals.",https://safelegalai.com/regulation/enforcement/reg-ca-on-2025-06-25-philer,fetched-and-read
reg-ca-on-2025-06-25-jointly,A2I update report approval listing,Law Society of Ontario,https://web.archive.org/web/20260907213518/https://lawsocietyontario-dwd0dscmayfwh7bj.a01.azurefd.net/media/lso/media/about/convocation/2025/convocation-june-2025-futures-committee-report.pdf,sandbox-authorisation,CA,2025-06-25,,Jointly,jointly,2026-09-07T13:20:17.932-07:00,canada,"[""AGENT-BRIEF.md"", ""LSO June 2025 A2I update report""]",quoted-short,The report says the providers were approved since the 2024 report; it does not state each precise approval day.,"Provided as is, without warranty. Not legal advice. SafeLegalAI (Cognesio LLP) records what courts, regulators, legislatures and vendors' own public pages state; the linked official documents are the record. Names and marks belong to their owners. Anyone named may reply: https://safelegalai.com/report. Full terms: https://safelegalai.com/disclaimer",Listed in the June 2025 A2I update as approved since the 2024 report.,True,"""uses technology to guide users""",open,,https://lawsocietyontario-dwd0dscmayfwh7bj.a01.azurefd.net/media/lso/media/about/convocation/2025/convocation-june-2025-futures-committee-report.pdf,Ontario,"The Law Society of Ontario’s June 25, 2025 A2I update report lists Jointly among participants approved since the 2024 report. The report describes an online platform that uses technology to guide Ontario residents through questions and create legally compliant, personalized relationship agreements in family-law matters.",https://safelegalai.com/regulation/enforcement/reg-ca-on-2025-06-25-jointly,fetched-and-read
reg-ca-on-2025-06-25-deeded,A2I update report approval listing,Law Society of Ontario,https://web.archive.org/web/20260907213518/https://lawsocietyontario-dwd0dscmayfwh7bj.a01.azurefd.net/media/lso/media/about/convocation/2025/convocation-june-2025-futures-committee-report.pdf,sandbox-authorisation,CA,2025-06-25,,Deeded,deeded,2026-09-07T13:20:17.932-07:00,canada,"[""AGENT-BRIEF.md"", ""LSO June 2025 A2I update report""]",quoted-short,The report says the providers were approved since the 2024 report; it does not state each precise approval day.,"Provided as is, without warranty. Not legal advice. SafeLegalAI (Cognesio LLP) records what courts, regulators, legislatures and vendors' own public pages state; the linked official documents are the record. Names and marks belong to their owners. Anyone named may reply: https://safelegalai.com/report. Full terms: https://safelegalai.com/disclaimer",Listed in the June 2025 A2I update as approved since the 2024 report.,True,"""platform that simplifies closing real estate transactions""",open,,https://lawsocietyontario-dwd0dscmayfwh7bj.a01.azurefd.net/media/lso/media/about/convocation/2025/convocation-june-2025-futures-committee-report.pdf,Ontario,"The Law Society of Ontario’s June 25, 2025 A2I update report lists Deeded among participants approved since the 2024 report. The report describes a platform for closing real-estate transactions, allowing users to upload and track required documents, work with a Deeded lawyer, follow transaction progress and digitally sign documents.",https://safelegalai.com/regulation/enforcement/reg-ca-on-2025-06-25-deeded,fetched-and-read
reg-uk-2025-05-06-garfield-law,AI-driven law firm authorisation notice,Solicitors Regulation Authority,http://web.archive.org/web/20260724034340/https://www.sra.org.uk/news/news/releases/2025/garfield-ai-authorised/,sandbox-authorisation,GB,2025-05-06,,Garfield.Law Ltd,garfield-law,2026-09-07T13:20:17.932-07:00,uk,"[""AGENT-BRIEF.md"", ""SRA news release""]",quoted-short,SRA organisation register states licensed-body status since 14/03/2025; the public SRA authorisation notice is dated 06 May 2025.,"Provided as is, without warranty. Not legal advice. SafeLegalAI (Cognesio LLP) records what courts, regulators, legislatures and vendors' own public pages state; the linked official documents are the record. Names and marks belong to their owners. Anyone named may reply: https://safelegalai.com/report. Full terms: https://safelegalai.com/disclaimer",SRA announces authorisation of Garfield.Law Ltd as an AI-based regulated firm; named regulated solicitors remain accountable for outputs and safeguards.,True,"""first purely AI-based firm""",open,https://www.sra.org.uk/consumers/register/organisation/?sraNumber=8010904,https://www.sra.org.uk/news/news/releases/2025/garfield-ai-authorised/,England and Wales,"The Solicitors Regulation Authority announces on May 6, 2025 that it has authorised Garfield.Law Ltd as its first AI-driven law firm. The notice says the firm provides regulated legal services through an AI-powered litigation assistant for unpaid-debt claims, with solicitors accountable for outputs, client approvals and supervision.",https://safelegalai.com/regulation/enforcement/reg-uk-2025-05-06-garfield-law,fetched-and-read
dep-us-nv-2025-03-03-nevada-self-help-chatbot,court-supported self-help chatbot deployment,Supreme Court of Nevada Administrative Office of the Courts,https://web.archive.org/web/2026/https://nvcourts.gov/aoc/aoc_news/nevada_judiciary_expands_free_legal_resources_with_self-help_website,court-a2j-deployment,US,2025-03-03,,Nevada Self-Help Center AI chatbot,nevada-self-help-chatbot,2026-09-07T13:20:17.932-07:00,us-state,"[""AGENT-BRIEF.md"", ""Nevada Judiciary archived news page""]",quoted-short,Direct nvcourts.gov news fetch returned a Cloudflare challenge; selfhelp.nvcourts.gov disclaimer was fetched directly and says the chatbot is powered by artificial intelligence.,"Provided as is, without warranty. Not legal advice. SafeLegalAI (Cognesio LLP) records what courts, regulators, legislatures and vendors' own public pages state; the linked official documents are the record. Names and marks belong to their owners. Anyone named may reply: https://safelegalai.com/report. Full terms: https://safelegalai.com/disclaimer",Nevada Judiciary announces statewide self-help website features including an AI-powered multilingual chatbot for tailored legal information and resources.,True,"""AI-powered chatbot offering multilingual support""",open,https://selfhelp.nvcourts.gov/redirectionchatbot.html,https://nvcourts.gov/aoc/aoc_news/nevada_judiciary_expands_free_legal_resources_with_self-help_website,Nevada,"The Nevada Judiciary announces on March 3, 2025 that its statewide self-help website includes free resources for people navigating the legal system. The archived page says the Self-Help Center features an AI-powered chatbot with multilingual support that provides tailored legal information and resources based on an individual’s needs.",https://safelegalai.com/regulation/enforcement/dep-us-nv-2025-03-03-nevada-self-help-chatbot,fetched-and-read
dep-us-il-2025-01-28-illinois-court-help-lex,court-help chatbot deployment,State of Illinois Office of the Illinois Courts,https://web.archive.org/web/20260907213623/https://www.illinoiscourts.gov/News/1491/Meet-Lex-Illinois-Court-Helps-chatbot/news-detail/,court-a2j-deployment,US,2025-01-28,,Illinois Court Help Lex chatbot,illinois-court-help-lex,2026-09-07T13:20:17.932-07:00,us-state,"[""AGENT-BRIEF.md"", ""Official Illinois Courts search result""]",quoted-short,,"Provided as is, without warranty. Not legal advice. SafeLegalAI (Cognesio LLP) records what courts, regulators, legislatures and vendors' own public pages state; the linked official documents are the record. Names and marks belong to their owners. Anyone named may reply: https://safelegalai.com/report. Full terms: https://safelegalai.com/disclaimer","Illinois Courts announces that Lex, Illinois Court Help’s chatbot, is live and guides court users step-by-step to court-information resources.",True,"""Illinois Court Help’s chatbot""",open,,https://www.illinoiscourts.gov/News/1491/Meet-Lex-Illinois-Court-Helps-chatbot/news-detail/,Illinois,"The State of Illinois Office of the Illinois Courts announces on January 28, 2025 that Lex, Illinois Court Help’s chatbot, is live. The announcement says Lex guides court users step-by-step to court-information resources, is available around the clock and will be expanded with additional usability features.",https://safelegalai.com/regulation/enforcement/dep-us-il-2025-01-28-illinois-court-help-lex,fetched-and-read
reg-us-ut-2025-01-27-darrow-ai-edward-mansfield,authorization termination and Rule 5.4 waiver,Utah Supreme Court,,sandbox-authorisation,US,2025-01-27,,"Darrow AI / Edward & Mansfield, LLC",darrow-ai,2026-09-07T13:20:17.932-07:00,us-state,"[""AGENT-BRIEF.md"", ""Utah authorized-entities register""]",state-order-pd,Order was an image PDF; local OCR was used to read the official text.,"Provided as is, without warranty. Not legal advice. SafeLegalAI (Cognesio LLP) records what courts, regulators, legislatures and vendors' own public pages state; the linked official documents are the record. Names and marks belong to their owners. Anyone named may reply: https://safelegalai.com/report. Full terms: https://safelegalai.com/disclaimer",Sandbox authorization terminated as low-innovation ABS; Utah-licensed lawyers may continue practicing with Edward & Mansfield under a partial Rule 5.4 waiver.,True,"""Darrow AI, Inc./Edward & Mansfield, LLC’s authorization is terminated""",open,,https://utahinnovationoffice.org/wp-content/uploads/2025/02/5.4-Darrow-AI.pdf,Utah,"The Utah Supreme Court terminates Darrow AI and Edward & Mansfield’s sandbox authorization on January 27, 2025 while granting a partial Rule 5.4 waiver. The order allows Utah-licensed lawyers to keep practicing with Edward & Mansfield under ownership and disclosure conditions until the sandbox ends or the court revokes the waiver.",https://safelegalai.com/regulation/enforcement/reg-us-ut-2025-01-27-darrow-ai-edward-mansfield,fetched-and-read
enf-us-2025-01-14-donotpay-ftc-final-order,final decision and order,Federal Trade Commission,https://web.archive.org/web/20260903235051/https://www.ftc.gov/system/files/ftc_gov/pdf/2323042_donotpay_decision_and_order_0.pdf,regulator-enforcement,US,2025-01-14,FTC Docket No. C-4812,"DoNotPay, Inc.",donotpay,2026-09-07T13:20:17.932-07:00,us-federal,"[""AGENT-BRIEF.md"", ""Wayback FTC DoNotPay matter page""]",us-federal-pd,FTC direct matter page was read through a Wayback capture after bot blocking; PDF text was fetched from the archived FTC file.,"Provided as is, without warranty. Not legal advice. SafeLegalAI (Cognesio LLP) records what courts, regulators, legislatures and vendors' own public pages state; the linked official documents are the record. Names and marks belong to their owners. Anyone named may reply: https://safelegalai.com/report. Full terms: https://safelegalai.com/disclaimer","Final order issued; $193,000 monetary relief, customer notice, substantiation and advertising restrictions; DoNotPay neither admits nor denies allegations except jurisdictional facts.",True,"""operates like a human lawyer""",open,https://www.ftc.gov/legal-library/browse/cases-proceedings/donotpay,https://www.ftc.gov/system/files/ftc_gov/pdf/2323042_donotpay_decision_and_order_0.pdf,,"The Federal Trade Commission issues its final Decision and Order against DoNotPay on January 14, 2025. The order bars unsupported claims that covered services operate like a human lawyer, requires $193,000 for consumer redress and customer notice, and states DoNotPay neither admits nor denies the complaint’s allegations except jurisdictional facts.",https://safelegalai.com/regulation/enforcement/enf-us-2025-01-14-donotpay-ftc-final-order,fetched-and-read
enf-us-2024-09-30-donotpay-ftc-proposed-order,proposed consent order notice,Federal Trade Commission,https://web.archive.org/web/20260907213409/https://www.federalregister.gov/documents/full_text/text/2024/09/30/2024-22400.txt,regulator-enforcement,US,2024-09-30,File No. 232 3042,"DoNotPay, Inc.",donotpay,2026-09-07T13:20:17.932-07:00,us-federal,"[""AGENT-BRIEF.md"", ""Federal Register API DoNotPay search""]",us-federal-pd,89 FR 79594; Operation AI Comply companion actions were checked and no other legal-services companion action was included.,"Provided as is, without warranty. Not legal advice. SafeLegalAI (Cognesio LLP) records what courts, regulators, legislatures and vendors' own public pages state; the linked official documents are the record. Names and marks belong to their owners. Anyone named may reply: https://safelegalai.com/report. Full terms: https://safelegalai.com/disclaimer","Proposed order placed on public record for comment; proposed $193,000 payment, customer notices and substantiation requirements.",True,"""the world’s first robot lawyer""",open,,https://www.federalregister.gov/documents/full_text/text/2024/09/30/2024-22400.txt,,"The Federal Trade Commission publishes a proposed consent order for DoNotPay on September 30, 2024. The notice says the complaint alleges deceptive claims about an “AI lawyer” and law-related features. The proposed order would require $193,000, customer notices and substantiation before claims that a service can substitute for professional services.",https://safelegalai.com/regulation/enforcement/enf-us-2024-09-30-donotpay-ftc-proposed-order,fetched-and-read
upl-us-2024-07-30-faridian-donotpay-dismissal,stipulated dismissal order,U.S. District Court for the Northern District of California,,upl-litigation,US,2024-07-30,3:23-cv-01692-RFL,"DoNotPay, Inc.",donotpay,2026-09-07T13:20:17.932-07:00,us-state,"[""AGENT-BRIEF.md"", ""CourtListener anonymous RECAP search""]",court-opinion-pd,RECAP storage copy; CourtListener discovery URL /docket/67158596/83/faridian-v-donotpay-inc/.,"Provided as is, without warranty. Not legal advice. SafeLegalAI (Cognesio LLP) records what courts, regulators, legislatures and vendors' own public pages state; the linked official documents are the record. Names and marks belong to their owners. Anyone named may reply: https://safelegalai.com/report. Full terms: https://safelegalai.com/disclaimer",Plaintiff’s claims dismissed with prejudice; order states dismissal does not affect claims of other putative class members.,True,"""operates an AI-powered chatbot""",open,https://storage.courtlistener.com/recap/gov.uscourts.cand.410868/gov.uscourts.cand.410868.1.1.pdf,https://storage.courtlistener.com/recap/gov.uscourts.cand.410868/gov.uscourts.cand.410868.83.0.pdf,California,"The Northern District of California enters an order on July 30, 2024 dismissing Jonathan Faridian’s claims against DoNotPay with prejudice, without affecting putative class members. The removed complaint alleged unlawful practice of law and California consumer claims based on DoNotPay’s legal-service subscriptions and AI-powered chatbot.",https://safelegalai.com/regulation/enforcement/upl-us-2024-07-30-faridian-donotpay-dismissal,fetched-and-read
upl-us-2024-06-05-faridian-donotpay-settlement-status,joint settlement status report,U.S. District Court for the Northern District of California,http://web.archive.org/web/20251227131943/https://storage.courtlistener.com/recap/gov.uscourts.cand.410868/gov.uscourts.cand.410868.73.0.pdf,upl-litigation,US,2024-06-05,3:23-cv-01692-RFL,"DoNotPay, Inc.",donotpay,2026-09-07T13:20:17.932-07:00,us-state,"[""AGENT-BRIEF.md"", ""CourtListener anonymous RECAP search""]",court-opinion-pd,RECAP storage copy; CourtListener discovery URL /docket/67158596/73/faridian-v-donotpay-inc/. Complaint descriptor is from the removal exhibit.,"Provided as is, without warranty. Not legal advice. SafeLegalAI (Cognesio LLP) records what courts, regulators, legislatures and vendors' own public pages state; the linked official documents are the record. Names and marks belong to their owners. Anyone named may reply: https://safelegalai.com/report. Full terms: https://safelegalai.com/disclaimer",Parties report a settlement in principle and request time to finalize settlement papers.,True,"""operates an AI-powered chatbot""",open,https://storage.courtlistener.com/recap/gov.uscourts.cand.410868/gov.uscourts.cand.410868.1.1.pdf,https://storage.courtlistener.com/recap/gov.uscourts.cand.410868/gov.uscourts.cand.410868.73.0.pdf,California,"In Faridian v. DoNotPay, the parties file a joint status report in the Northern District of California on June 5, 2024. They tell the court they have reached a settlement in principle. The removed complaint alleged DoNotPay sold legal services to Californians without a law license through an AI-powered robot-lawyer service.",https://safelegalai.com/regulation/enforcement/upl-us-2024-06-05-faridian-donotpay-settlement-status,fetched-and-read
upl-us-2023-11-17-millerking-donotpay-standing,standing dismissal order,U.S. District Court for the Southern District of Illinois,,upl-litigation,US,2023-11-17,3:23-cv-00863-NJR,"DoNotPay, Inc.",donotpay,2026-09-07T13:20:17.932-07:00,us-state,"[""AGENT-BRIEF.md"", ""CourtListener anonymous RECAP search""]",court-opinion-pd,RECAP storage copy; no Seventh Circuit opinion located in the CourtListener opinion search for MillerKing and DoNotPay.,"Provided as is, without warranty. Not legal advice. SafeLegalAI (Cognesio LLP) records what courts, regulators, legislatures and vendors' own public pages state; the linked official documents are the record. Names and marks belong to their owners. Anyone named may reply: https://safelegalai.com/report. Full terms: https://safelegalai.com/disclaimer",Motion to dismiss granted for lack of Article III standing; November 28 amendment clarifies any dismissal is without prejudice.,True,"""robot lawyer""",open,https://storage.courtlistener.com/recap/gov.uscourts.ilsd.95287/gov.uscourts.ilsd.95287.36.0.pdf,https://storage.courtlistener.com/recap/gov.uscourts.ilsd.95287/gov.uscourts.ilsd.95287.34.0.pdf,Illinois,"The Southern District of Illinois grants DoNotPay’s motion to dismiss MillerKing’s complaint on November 17, 2023. The court describes DoNotPay as an online subscription service touting a robot lawyer, but finds the law firm plaintiff did not plead a concrete injury for Article III standing. A later amendment clarifies dismissal without prejudice.",https://safelegalai.com/regulation/enforcement/upl-us-2023-11-17-millerking-donotpay-standing,fetched-and-read
reg-us-ut-2023-04-10-divorcio-amigable,provisional sandbox authorization,Utah Supreme Court,,sandbox-authorisation,US,2023-04-10,,Divorcio Amigable,divorcio-amigable,2026-09-07T13:20:17.932-07:00,us-state,"[""AGENT-BRIEF.md"", ""Utah authorized-entities register""]",state-order-pd,,"Provided as is, without warranty. Not legal advice. SafeLegalAI (Cognesio LLP) records what courts, regulators, legislatures and vendors' own public pages state; the linked official documents are the record. Names and marks belong to their owners. Anyone named may reply: https://safelegalai.com/report. Full terms: https://safelegalai.com/disclaimer",Provisionally authorized in the Utah sandbox for limited divorce pleading assistance; current register marks the authorization expired.,True,"""uses software to assist consumers with divorce pleadings""",open,,https://utahinnovationoffice.org/wp-content/uploads/2025/03/Divorcio-Amigable-Provisional-Auth.-Order-1.pdf,Utah,"The Utah Supreme Court grants Divorcio Amigable provisional authorization on April 10, 2023. The order describes a human alternative legal provider using software and a guided intake platform to assist consumers with divorce pleadings. The current Utah register marks the provisional authorization as expired.",https://safelegalai.com/regulation/enforcement/reg-us-ut-2023-04-10-divorcio-amigable,fetched-and-read
reg-ca-bc-2022-11-16-divii,innovation sandbox no-action letter,Law Society of British Columbia,,sandbox-authorisation,CA,2022-11-16,,Divii,divii,2026-09-07T13:20:17.932-07:00,canada,"[""AGENT-BRIEF.md"", ""LSBC approved participants page""]",quoted-short,,"Provided as is, without warranty. Not legal advice. SafeLegalAI (Cognesio LLP) records what courts, regulators, legislatures and vendors' own public pages state; the linked official documents are the record. Names and marks belong to their owners. Anyone named may reply: https://safelegalai.com/report. Full terms: https://safelegalai.com/disclaimer",No-action letter allows Divii to provide automated separation-agreement services subject to conditions.,True,"""online platform at www.divii.ca, which automates""",open,,https://www.lawsociety.bc.ca/getContentAsset/0c830c92-eaa5-4715-a67d-f8062d9261bf/dfc3d011-8f63-43f6-9ed8-4b444333a1d0/Divii_2022-11-17.pdf?language=en-CA,British Columbia,"The Law Society of British Columbia issues Divii a no-action letter dated November 16, 2022. The letter allows Divii, operated by Rebecca Alleyne, to provide family-law services through an online platform that automates separation-agreement creation, subject to monthly reporting, disclosures and LSBC’s continuing ability to rescind the letter.",https://safelegalai.com/regulation/enforcement/reg-ca-bc-2022-11-16-divii,fetched-and-read
reg-us-ut-2022-09-21-rasa,amended sandbox authorization,Utah Supreme Court,,sandbox-authorisation,US,2022-09-21,,Rasa Public Benefit Corporation,rasa,2026-09-07T13:20:17.932-07:00,us-state,"[""AGENT-BRIEF.md"", ""Utah authorized-entities register""]",state-order-pd,,"Provided as is, without warranty. Not legal advice. SafeLegalAI (Cognesio LLP) records what courts, regulators, legislatures and vendors' own public pages state; the linked official documents are the record. Names and marks belong to their owners. Anyone named may reply: https://safelegalai.com/report. Full terms: https://safelegalai.com/disclaimer",Authorized to practice law in specified criminal-record services using a software-provider model with lawyer involvement and stated consumer safeguards.,True,"""software platform""",open,,https://utahinnovationoffice.org/wp-content/uploads/2024/03/Rasa-Amended-Order-and-App_.pdf,Utah,"The Utah Supreme Court issues an amended authorization for Rasa Public Benefit Corporation on September 21, 2022. The order authorizes Rasa to use a software platform, with lawyer involvement, to help Utah consumers determine Clean Slate eligibility, obtain legal advice about expungement-related relief and pursue specified criminal-record remedies.",https://safelegalai.com/regulation/enforcement/reg-us-ut-2022-09-21-rasa,fetched-and-read
pol-us-ut-2022-09-21-utah-standing-order-15,amended standing order,Utah Supreme Court,http://web.archive.org/web/20241118181300/https://utahinnovationoffice.org/wp-content/uploads/2024/01/1.-Standing-Order-No.15-Amended-9.21.22.pdf,policy-statement,US,2022-09-21,,Utah legal regulatory sandbox,utah-standing-order-15,2026-09-07T13:20:17.932-07:00,us-state,"[""AGENT-BRIEF.md"", ""Utah Sandbox Resources page""]",state-order-pd,,"Provided as is, without warranty. Not legal advice. SafeLegalAI (Cognesio LLP) records what courts, regulators, legislatures and vendors' own public pages state; the linked official documents are the record. Names and marks belong to their owners. Anyone named may reply: https://safelegalai.com/report. Full terms: https://safelegalai.com/disclaimer","Standing Order No. 15 establishes the pilot sandbox, Innovation Office and Legal Services Innovation Committee through August 14, 2027 unless otherwise provided.",True,"""entities using nontraditional legal providers and technology""",open,,https://utahinnovationoffice.org/wp-content/uploads/2024/01/1.-Standing-Order-No.15-Amended-9.21.22.pdf,Utah,"The Utah Supreme Court’s amended Standing Order No. 15 establishes the legal regulatory sandbox, the Office of Legal Services Innovation and the Legal Services Innovation Committee. Effective as amended September 21, 2022, it authorizes oversight of nontraditional legal-service entities, including providers using nontraditional business structures, legal providers and technology, until the seven-year pilot expires.",https://safelegalai.com/regulation/enforcement/pol-us-ut-2022-09-21-utah-standing-order-15,fetched-and-read
reg-us-ut-2022-08-16-superlegal-lawgeex,amended sandbox authorization,Utah Supreme Court,,sandbox-authorisation,US,2022-08-16,,Superlegal (LawGeex / Legalogic),superlegal-lawgeex,2026-09-07T13:20:17.932-07:00,us-state,"[""AGENT-BRIEF.md"", ""Utah authorized-entities register""]",state-order-pd,The current register lists the entity as Superlegal (LawGeex / Legalogic).,"Provided as is, without warranty. Not legal advice. SafeLegalAI (Cognesio LLP) records what courts, regulators, legislatures and vendors' own public pages state; the linked official documents are the record. Names and marks belong to their owners. Anyone named may reply: https://safelegalai.com/report. Full terms: https://safelegalai.com/disclaimer",Authorized to practice law in the Utah sandbox for contract services delivered by a software platform and lawyer employees.,True,"""AI-enabled contract drafting""",open,,https://utahinnovationoffice.org/wp-content/uploads/2024/11/LawGeex-Order-and-App.pdf,Utah,"The Utah Supreme Court issues an amended authorization for LegaLogic, doing business as LawGeex, on August 16, 2022. The order authorizes practice in the sandbox for AI-enabled contract drafting, negotiation and management services delivered through a technology platform and lawyer employees under specified service-model and risk controls.",https://safelegalai.com/regulation/enforcement/reg-us-ut-2022-08-16-superlegal-lawgeex,fetched-and-read
reg-us-ut-2022-08-16-1law,amended sandbox authorization,Utah Supreme Court,http://web.archive.org/web/20250805092826/https://utahinnovationoffice.org/wp-content/uploads/2024/10/1LawAppandPacket.pdf,sandbox-authorisation,US,2022-08-16,,1Law P.C. / 1Law Legal Services,1law,2026-09-07T13:20:17.932-07:00,us-state,"[""AGENT-BRIEF.md"", ""Utah authorized-entities register""]",state-order-pd,Descriptor is from the Utah register page; the PDF order also lists a software-provider model with lawyer involvement.,"Provided as is, without warranty. Not legal advice. SafeLegalAI (Cognesio LLP) records what courts, regulators, legislatures and vendors' own public pages state; the linked official documents are the record. Names and marks belong to their owners. Anyone named may reply: https://safelegalai.com/report. Full terms: https://safelegalai.com/disclaimer","Authorized to practice law in the Utah sandbox under specified areas, service models, reporting duties and consumer-protection conditions.",True,"""services via chatbot""",open,,https://utahinnovationoffice.org/wp-content/uploads/2024/10/1LawAppandPacket.pdf,Utah,"The Utah Supreme Court issues an amended authorization for 1Law on August 16, 2022. The order authorizes 1Law P.C. and 1Law Legal Services to practice in the sandbox, including a software-provider model with lawyer involvement, across listed consumer legal areas and under reporting, disclosure and ownership conditions.",https://safelegalai.com/regulation/enforcement/reg-us-ut-2022-08-16-1law,fetched-and-read
reg-ca-bc-2022-02-08-legalwills-tim-hewson,innovation sandbox no-action letter,Law Society of British Columbia,,sandbox-authorisation,CA,2022-02-08,,Tim Hewson / Legal Wills.ca,legalwills,2026-09-07T13:20:17.932-07:00,canada,"[""AGENT-BRIEF.md"", ""LSBC approved participants page""]",quoted-short,,"Provided as is, without warranty. Not legal advice. SafeLegalAI (Cognesio LLP) records what courts, regulators, legislatures and vendors' own public pages state; the linked official documents are the record. Names and marks belong to their owners. Anyone named may reply: https://safelegalai.com/report. Full terms: https://safelegalai.com/disclaimer",No-action letter allows the Legal Wills.ca online estate-planning platform subject to conditions.,True,"""online platform called Legal Wills.ca""",open,,https://www.lawsociety.bc.ca/getContentAsset/2caae574-f233-4bf4-91de-b57fc8c3ee51/dfc3d011-8f63-43f6-9ed8-4b444333a1d0/Hewson-Tim-2022-05?language=en-CA,British Columbia,"The Law Society of British Columbia issues Tim Hewson a no-action letter dated February 8, 2022. The letter allows operation of Legal Wills.ca, an online platform where users create, store and share estate-planning documents, subject to sandbox reporting, disclosure and rescission conditions.",https://safelegalai.com/regulation/enforcement/reg-ca-bc-2022-02-08-legalwills-tim-hewson,fetched-and-read
upl-de-2021-09-09-smartlaw-bgh,civil judgment on legal-document generator,Bundesgerichtshof,,upl-litigation,DE,2021-09-09,I ZR 113/20,smartlaw,smartlaw,2026-09-07T13:20:17.932-07:00,eu,"[""AGENT-BRIEF.md"", ""Bundesgerichtshof press release 171/2021""]",official-act,Included as directed; the official text describes a rule-based software generator rather than a generative-AI system.,"Provided as is, without warranty. Not legal advice. SafeLegalAI (Cognesio LLP) records what courts, regulators, legislatures and vendors' own public pages state; the linked official documents are the record. Names and marks belong to their owners. Anyone named may reply: https://safelegalai.com/report. Full terms: https://safelegalai.com/disclaimer",Revision dismissed; the software-driven contract-document generator is held not to provide an impermissible legal service under the RDG.,True,"""mithilfe einer Software""",open,https://www.bundesgerichtshof.de/SharedDocs/Pressemitteilungen/DE/2021/2021171.html?nn=10690868,https://www.bundesgerichtshof.de/SharedDocs/Entscheidungen/DE/Zivilsenate/I_ZS/2020/I_ZR_113-20.pdf?__blob=publicationFile&v=1,,"The Bundesgerichtshof decides the smartlaw contract-document generator case on September 9, 2021. The court dismisses the bar chamber’s appeal and holds that a software-driven generator using a question-and-answer system and stored text modules does not provide an impermissible legal service under Germany’s Rechtsdienstleistungsgesetz.",https://safelegalai.com/regulation/enforcement/upl-de-2021-09-09-smartlaw-bgh,fetched-and-read
reg-ca-bc-2021-05-26-willful-erin-bury,innovation sandbox no-action letter,Law Society of British Columbia,http://web.archive.org/web/20260511091615/https://www.lawsociety.bc.ca/getContentAsset/5733c277-bcec-4c4d-8051-943d39d4ad0b/dfc3d011-8f63-43f6-9ed8-4b444333a1d0/Bury-Erin-2021-05?language=en-CA,sandbox-authorisation,CA,2021-05-26,,Erin Bury / Willful,erin-bury,2026-09-07T13:20:17.932-07:00,canada,"[""AGENT-BRIEF.md"", ""LSBC approved participants page""]",quoted-short,,"Provided as is, without warranty. Not legal advice. SafeLegalAI (Cognesio LLP) records what courts, regulators, legislatures and vendors' own public pages state; the linked official documents are the record. Names and marks belong to their owners. Anyone named may reply: https://safelegalai.com/report. Full terms: https://safelegalai.com/disclaimer",No-action letter allows the listed online digital platform subject to sandbox conditions.,True,"""online digital platform, willful.co""",open,,https://www.lawsociety.bc.ca/getContentAsset/5733c277-bcec-4c4d-8051-943d39d4ad0b/dfc3d011-8f63-43f6-9ed8-4b444333a1d0/Bury-Erin-2021-05?language=en-CA,British Columbia,"The Law Society of British Columbia issues Erin Bury a no-action letter dated May 26, 2021. The letter allows operation of Willful, an online digital platform helping British Columbia residents create wills and powers of attorney, subject to disclosures, reporting and conditions under the innovation sandbox.",https://safelegalai.com/regulation/enforcement/reg-ca-bc-2021-05-26-willful-erin-bury,fetched-and-read
reg-ca-bc-2021-05-26-simplearb-scott-nicol,innovation sandbox no-action letter,Law Society of British Columbia,http://web.archive.org/web/20260511084431/https://www.lawsociety.bc.ca/getContentAsset/8372f3e4-7dbe-4612-95e8-0e67cdecbb9f/dfc3d011-8f63-43f6-9ed8-4b444333a1d0/Nicol-Scott-2021-05?language=en-CA,sandbox-authorisation,CA,2021-05-26,,Scott Nicol / SimpleArb,simplearb,2026-09-07T13:20:17.932-07:00,canada,"[""AGENT-BRIEF.md"", ""LSBC approved participants page""]",quoted-short,,"Provided as is, without warranty. Not legal advice. SafeLegalAI (Cognesio LLP) records what courts, regulators, legislatures and vendors' own public pages state; the linked official documents are the record. Names and marks belong to their owners. Anyone named may reply: https://safelegalai.com/report. Full terms: https://safelegalai.com/disclaimer",No-action letter allows the SimpleArb online settlement platform subject to sandbox conditions.,True,"""online platform that allows parties to enter into settlement negotiation""",open,,https://www.lawsociety.bc.ca/getContentAsset/8372f3e4-7dbe-4612-95e8-0e67cdecbb9f/dfc3d011-8f63-43f6-9ed8-4b444333a1d0/Nicol-Scott-2021-05?language=en-CA,British Columbia,"The Law Society of British Columbia issues Scott Nicol a no-action letter dated May 26, 2021. The letter allows SimpleArb, an online platform for confidential settlement offers that declares a match when offers overlap, subject to client disclosures, reporting duties and the sandbox’s no-action conditions.",https://safelegalai.com/regulation/enforcement/reg-ca-bc-2021-05-26-simplearb-scott-nicol,fetched-and-read
reg-ca-bc-2021-05-26-hayley-woodin,innovation sandbox no-action letter,Law Society of British Columbia,http://web.archive.org/web/20260511093826/https://www.lawsociety.bc.ca/getContentAsset/61432730-95c1-4fb4-9982-e6a63c8b23cd/dfc3d011-8f63-43f6-9ed8-4b444333a1d0/Woodin-Hayley-2021-05?language=en-CA,sandbox-authorisation,CA,2021-05-26,,Hayley Woodin,hayley-woodin,2026-09-07T13:20:17.932-07:00,canada,"[""AGENT-BRIEF.md"", ""LSBC approved participants page""]",quoted-short,,"Provided as is, without warranty. Not legal advice. SafeLegalAI (Cognesio LLP) records what courts, regulators, legislatures and vendors' own public pages state; the linked official documents are the record. Names and marks belong to their owners. Anyone named may reply: https://safelegalai.com/report. Full terms: https://safelegalai.com/disclaimer",No-action letter allows an online agreement platform with guided expert and document-assembly systems.,True,"""guided expert system and a document assembly system""",open,,https://www.lawsociety.bc.ca/getContentAsset/61432730-95c1-4fb4-9982-e6a63c8b23cd/dfc3d011-8f63-43f6-9ed8-4b444333a1d0/Woodin-Hayley-2021-05?language=en-CA,British Columbia,"The Law Society of British Columbia issues Hayley Woodin a no-action letter dated May 26, 2021. The letter allows an online platform for cohabitation, prenuptial and post-nuptial agreements using a guided expert system and document assembly system, subject to reporting, disclosure and sandbox conditions.",https://safelegalai.com/regulation/enforcement/reg-ca-bc-2021-05-26-hayley-woodin,fetched-and-read
